episode,true_label,predicted_label,confidence,moves,pixels_seen
0,4,4,0.6089267730712891,500,22
1,1,3,0.11635881662368774,500,28
2,5,7,0.19838716089725494,500,10
3,4,5,0.156573086977005,500,19
4,4,3,0.11635881662368774,500,7
